study_id,source,omic_layer,species,tissue,sample_size,processing_method,license,url,version,series_id,platform,pubmed_id,n_young,n_old,age_range,sex,restrictions
GEO:GDS156,GEO,transcriptome,human,skeletal muscle,12,GDS curated matrix (count); MaxMean probe collapse; Hedges' g,"NCBI GEO - US public domain, attribute",https://www.ncbi.nlm.nih.gov/sites/GDSbrowser?acc=GDS156,"GEO DataSets, curated Apr 17 2003",GSE80,GPL91,12204100,6,6,26y vs 70y,unspecified,
GEO:GDS1803,GEO,transcriptome,mouse,bone marrow,8,GDS curated matrix (count); MaxMean probe collapse; Hedges' g,"NCBI GEO - US public domain, attribute",https://www.ncbi.nlm.nih.gov/sites/GDSbrowser?acc=GDS1803,"GEO DataSets, curated Oct 13 2006",GSE4332,GPL1261,15967997,3,5,2mo vs 22mo,unspecified,
GEO:GDS2019,GEO,transcriptome,mouse,liver,7,GDS curated matrix (count); MaxMean probe collapse; Hedges' g,"NCBI GEO - US public domain, attribute",https://www.ncbi.nlm.nih.gov/sites/GDSbrowser?acc=GDS2019,"GEO DataSets, curated Oct 10 2012",GSE3129,GPL81,19943135,4,3,6mo vs 22mo,unspecified,genotype/variation = wild type
GEO:GDS2612,GEO,transcriptome,mouse,skeletal muscle,10,GDS curated matrix (count); MaxMean probe collapse; Hedges' g,"NCBI GEO - US public domain, attribute",https://www.ncbi.nlm.nih.gov/sites/GDSbrowser?acc=GDS2612,"GEO DataSets, curated Apr 10 2007",GSE6323,GPL339,17381838,5,5,young vs old,unspecified,protocol = normal diet
GEO:GDS287,GEO,transcriptome,human,skeletal muscle,15,GDS curated matrix (count); MaxMean probe collapse; Hedges' g,"NCBI GEO - US public domain, attribute",https://www.ncbi.nlm.nih.gov/sites/GDSbrowser?acc=GDS287,"GEO DataSets, curated Nov 02 2004",GSE362,GPL96,12783983,7,8,24y vs 71y,unspecified,
GEO:GDS288,GEO,transcriptome,human,skeletal muscle,15,GDS curated matrix (count); MaxMean probe collapse; Hedges' g,"NCBI GEO - US public domain, attribute",https://www.ncbi.nlm.nih.gov/sites/GDSbrowser?acc=GDS288,"GEO DataSets, curated Nov 02 2004",GSE362,GPL97,12783983,7,8,24y vs 71y,unspecified,
GEO:GDS2929,GEO,transcriptome,mouse,lung,15,GDS curated matrix (count); MaxMean probe collapse; Hedges' g,"NCBI GEO - US public domain, attribute",https://www.ncbi.nlm.nih.gov/sites/GDSbrowser?acc=GDS2929,"GEO DataSets, curated Jun 25 2008",GSE6591,GPL1261,17726092,6,9,2mo vs 18mo-26mo,unspecified,
GEO:GDS2961,GEO,transcriptome,mouse,thymus,20,GDS curated matrix (transformed count); MaxMean probe collapse; Hedges' g,"NCBI GEO - US public domain, attribute",https://www.ncbi.nlm.nih.gov/sites/GDSbrowser?acc=GDS2961,"GEO DataSets, curated Jan 04 2008",GSE7829,GPL738,17499630,10,10,6mo vs 22mo-24mo,both,protocol = ad libitum
GEO:GDS2962,GEO,transcriptome,mouse,thymus,20,GDS curated matrix (transformed count); MaxMean probe collapse; Hedges' g,"NCBI GEO - US public domain, attribute",https://www.ncbi.nlm.nih.gov/sites/GDSbrowser?acc=GDS2962,"GEO DataSets, curated May 14 2015",GSE7829,GPL782,17499630,10,10,6mo vs 22mo-24mo,both,protocol = ad libitum
GEO:GDS2972,GEO,transcriptome,mouse,heart,10,GDS curated matrix (count); MaxMean probe collapse; Hedges' g,"NCBI GEO - US public domain, attribute",https://www.ncbi.nlm.nih.gov/sites/GDSbrowser?acc=GDS2972,"GEO DataSets, curated Oct 10 2012",GSE8146,GPL81,17316780,5,5,5mo vs 30mo,unspecified,agent = control
GEO:GDS2973,GEO,transcriptome,mouse,brain,10,GDS curated matrix (count); MaxMean probe collapse; Hedges' g,"NCBI GEO - US public domain, attribute",https://www.ncbi.nlm.nih.gov/sites/GDSbrowser?acc=GDS2973,"GEO DataSets, curated Oct 03 2008",GSE8150,GPL1261,17316780,5,5,5mo vs 30mo,unspecified,agent = control
GEO:GDS3182,GEO,transcriptome,human,skeletal muscle,19,GDS curated matrix (count); MaxMean probe collapse; Hedges' g,"NCBI GEO - US public domain, attribute",https://www.ncbi.nlm.nih.gov/sites/GDSbrowser?acc=GDS3182,"GEO DataSets, curated Aug 22 2008",GSE9103,GPL570,,9,10,young vs old,unspecified,protocol = sedentary
GEO:GDS355,GEO,transcriptome,mouse,kidney,10,GDS curated matrix (count); MaxMean probe collapse; Hedges' g,"NCBI GEO - US public domain, attribute",https://www.ncbi.nlm.nih.gov/sites/GDSbrowser?acc=GDS355,"GEO DataSets, curated Jun 23 2003",GSE459,GPL75,,5,5,5mo vs 30mo,unspecified,protocol = control fed
GEO:GDS356,GEO,transcriptome,mouse,kidney,10,GDS curated matrix (count); MaxMean probe collapse; Hedges' g,"NCBI GEO - US public domain, attribute",https://www.ncbi.nlm.nih.gov/sites/GDSbrowser?acc=GDS356,"GEO DataSets, curated Jun 23 2003",GSE459,GPL76,,5,5,5mo vs 30mo,unspecified,protocol = control fed
GEO:GDS3942,GEO,transcriptome,human,bone marrow,22,GDS curated matrix (transformed count); MaxMean probe collapse; Hedges' g,"NCBI GEO - US public domain, attribute",https://www.ncbi.nlm.nih.gov/sites/GDSbrowser?acc=GDS3942,"GEO DataSets, curated Dec 20 2011",GSE32719,GPL570,22123971,14,8,25y vs 74y,unspecified,
GEO:GDS3976:hematopoietic_stem_cell_hsc,GEO,transcriptome,mouse,bone marrow,9,GDS curated matrix (count); MaxMean probe collapse; Hedges' g,"NCBI GEO - US public domain, attribute",https://www.ncbi.nlm.nih.gov/sites/GDSbrowser?acc=GDS3976,"GEO DataSets, curated Jun 01 2015",GSE27686,GPL1261,21549326,6,3,2mo-7mo vs 24mo,unspecified,genotype/variation = wild type | wild type Polgtm1Lrsn +/+ | wild type Ly6D+ | wild type Ly6D- ; stratified by cell type = hematopoietic stem cell (HSC)
GEO:GDS4522,GEO,transcriptome,human,brain,16,GDS curated matrix (count); MaxMean probe collapse; Hedges' g,"NCBI GEO - US public domain, attribute",https://www.ncbi.nlm.nih.gov/sites/GDSbrowser?acc=GDS4522,"GEO DataSets, curated Sep 27 2013",GSE21935,GPL570,21538462,3,13,25y-38y vs 60y-97y,both,disease state = control
GEO:GDS4523,GEO,transcriptome,human,brain,19,GDS curated matrix (count); MaxMean probe collapse; Hedges' g,"NCBI GEO - US public domain, attribute",https://www.ncbi.nlm.nih.gov/sites/GDSbrowser?acc=GDS4523,"GEO DataSets, curated Nov 05 2013",GSE17612,GPL570,19255580,3,16,25y-38y vs 60y-97y,both,disease state = control
GEO:GDS472,GEO,transcriptome,human,skeletal muscle,15,GDS curated matrix (count); MaxMean probe collapse; Hedges' g,"NCBI GEO - US public domain, attribute",https://www.ncbi.nlm.nih.gov/sites/GDSbrowser?acc=GDS472,"GEO DataSets, curated Oct 10 2012",GSE674,GPL96,15036396,7,8,24y vs 68y,unspecified,
GEO:GDS473,GEO,transcriptome,human,skeletal muscle,15,GDS curated matrix (count); MaxMean probe collapse; Hedges' g,"NCBI GEO - US public domain, attribute",https://www.ncbi.nlm.nih.gov/sites/GDSbrowser?acc=GDS473,"GEO DataSets, curated Oct 10 2012",GSE674,GPL97,15036396,7,8,24y vs 68y,unspecified,
GEO:GDS4858,GEO,transcriptome,human,skeletal muscle,22,GDS curated matrix (transformed count); MaxMean probe collapse; Hedges' g,"NCBI GEO - US public domain, attribute",https://www.ncbi.nlm.nih.gov/sites/GDSbrowser?acc=GDS4858,"GEO DataSets, curated Apr 22 2014",GSE38718,GPL570,23418191,14,8,24y vs 70y,both,
GEO:GDS4874,GEO,transcriptome,mouse,liver,6,GDS curated matrix (transformed count); MaxMean probe collapse; Hedges' g,"NCBI GEO - US public domain, attribute",https://www.ncbi.nlm.nih.gov/sites/GDSbrowser?acc=GDS4874,"GEO DataSets, curated Feb 26 2016",GSE46646,GPL1261,23951254,3,3,6mo vs 24mo,unspecified,genotype/variation = wild type control
GEO:GDS4892,GEO,transcriptome,mouse,skeletal muscle,10,GDS curated matrix (count); MaxMean probe collapse; Hedges' g,"NCBI GEO - US public domain, attribute",https://www.ncbi.nlm.nih.gov/sites/GDSbrowser?acc=GDS4892,"GEO DataSets, curated Jul 08 2014",GSE50821,GPL1261,24797481,5,5,2mo vs 24mo,unspecified,
GEO:GDS4904,GEO,transcriptome,mouse,skeletal muscle,6,GDS curated matrix (transformed count); MaxMean probe collapse; Hedges' g,"NCBI GEO - US public domain, attribute",https://www.ncbi.nlm.nih.gov/sites/GDSbrowser?acc=GDS4904,"GEO DataSets, curated Jul 02 2014",GSE52550,GPL1261,24280126,3,3,2mo vs 24mo,unspecified,genotype/variation = wild type
GEO:GDS5204,GEO,transcriptome,human,brain,32,GDS curated matrix (transformed count); MaxMean probe collapse; Hedges' g,"NCBI GEO - US public domain, attribute",https://www.ncbi.nlm.nih.gov/sites/GDSbrowser?acc=GDS5204,"GEO DataSets, curated Oct 01 2014",GSE53890,GPL570,24670762,12,20,40y vs 82y-100y,both,
GEO:GDS5216,GEO,transcriptome,human,skeletal muscle,36,GDS curated matrix (count); MaxMean probe collapse; Hedges' g,"NCBI GEO - US public domain, attribute",https://www.ncbi.nlm.nih.gov/sites/GDSbrowser?acc=GDS5216,"GEO DataSets, curated Sep 17 2014",GSE25941,GPL570,22302958,15,21,young vs old,both,
GEO:GDS5217:slow_twitch_mhc_i,GEO,transcriptome,human,skeletal muscle,9,GDS curated matrix (count); MaxMean probe collapse; Hedges' g,"NCBI GEO - US public domain, attribute",https://www.ncbi.nlm.nih.gov/sites/GDSbrowser?acc=GDS5217,"GEO DataSets, curated Sep 17 2014",GSE28392,GPL570,22302958,5,4,young vs old,unspecified,time = basal ; stratified by tissue = slow twitch MHC I
GEO:GDS5218,GEO,transcriptome,human,skeletal muscle,27,GDS curated matrix (count); MaxMean probe collapse; Hedges' g,"NCBI GEO - US public domain, attribute",https://www.ncbi.nlm.nih.gov/sites/GDSbrowser?acc=GDS5218,"GEO DataSets, curated Jun 08 2015",GSE28422,GPL570,22302958,15,12,young vs old,both,time = baseline
GEO:GDS5226:bone_marrow_adipocyte,GEO,transcriptome,mouse,adipose tissue,6,GDS curated matrix (transformed count); MaxMean probe collapse; Hedges' g,"NCBI GEO - US public domain, attribute",https://www.ncbi.nlm.nih.gov/sites/GDSbrowser?acc=GDS5226,"GEO DataSets, curated Jun 08 2015",GSE25905,GPL6246,21545734,3,3,6mo vs 18mo,unspecified,stratified by cell type = bone marrow adipocyte
GEO:GDS5226:epididymal_adipocyte,GEO,transcriptome,mouse,adipose tissue,6,GDS curated matrix (transformed count); MaxMean probe collapse; Hedges' g,"NCBI GEO - US public domain, attribute",https://www.ncbi.nlm.nih.gov/sites/GDSbrowser?acc=GDS5226,"GEO DataSets, curated Jun 08 2015",GSE25905,GPL6246,21545734,3,3,6mo vs 18mo,unspecified,stratified by cell type = epididymal adipocyte
GEO:GDS5286,GEO,transcriptome,human,blood,9,GDS curated matrix (count); MaxMean probe collapse; Hedges' g,"NCBI GEO - US public domain, attribute",https://www.ncbi.nlm.nih.gov/sites/GDSbrowser?acc=GDS5286,"GEO DataSets, curated Oct 22 2014",GSE58015,GPL571,25191744,4,5,young vs old,unspecified,
GEO:GDS707,GEO,transcriptome,human,brain,23,GDS curated matrix (count); MaxMean probe collapse; Hedges' g,"NCBI GEO - US public domain, attribute",https://www.ncbi.nlm.nih.gov/sites/GDSbrowser?acc=GDS707,"GEO DataSets, curated Oct 10 2012",GSE1572,GPL8300,15190254,8,15,30y vs 70y-106y,both,
